run_id,split_id,universe_name,universe_rule,screen_rule,holding_budget,controller,cost_bps,train_start,train_end,evaluation_start,evaluation_end,gross_return,net_return,turnover,sharpe,max_drawdown,selected_for_paper
2026-04-23-context-aware-grand-study,0,liquid_us_equity_100,fixed_current_constituents_symbol_limited,none_controller_internal_selection,controller_defined,EW,10.0,2018-01-01,2019-01-02,2019-04-04,2019-07-03,0.1717733229958997,0.1717733229958997,0.0,1.2062611346510732,0.0,False
2026-04-23-context-aware-grand-study,1,liquid_us_equity_100,fixed_current_constituents_symbol_limited,none_controller_internal_selection,controller_defined,EW,10.0,2018-01-01,2019-04-03,2019-07-05,2019-10-02,-0.1136132587253975,-0.1136132587253975,0.0,-0.654660499810231,0.0,False
2026-04-23-context-aware-grand-study,2,liquid_us_equity_100,fixed_current_constituents_symbol_limited,none_controller_internal_selection,controller_defined,EW,10.0,2018-01-01,2019-07-03,2019-10-03,2020-01-02,0.7140969453022121,0.7140969453022121,0.0,7.281913197234715,0.0,False
2026-04-23-context-aware-grand-study,3,liquid_us_equity_100,fixed_current_constituents_symbol_limited,none_controller_internal_selection,controller_defined,EW,10.0,2018-01-01,2019-10-02,2020-01-03,2020-04-02,-0.9789785907583992,-0.9789785907583992,0.0,-1.5272128074187103,0.0,False
2026-04-23-context-aware-grand-study,4,liquid_us_equity_100,fixed_current_constituents_symbol_limited,none_controller_internal_selection,controller_defined,EW,10.0,2018-01-01,2020-01-02,2020-04-03,2020-07-02,1.0576192041163566,1.0576192041163566,0.0,2.974393631438937,0.0,False
2026-04-23-context-aware-grand-study,5,liquid_us_equity_100,fixed_current_constituents_symbol_limited,none_controller_internal_selection,controller_defined,EW,10.0,2018-01-01,2020-04-02,2020-07-06,2020-10-01,0.2970108171449994,0.2970108171449994,0.0,1.7053477072931098,0.0,False
2026-04-23-context-aware-grand-study,6,liquid_us_equity_100,fixed_current_constituents_symbol_limited,none_controller_internal_selection,controller_defined,EW,10.0,2018-01-01,2020-07-02,2020-10-02,2020-12-31,0.6751322792536811,0.6751322792536811,0.0,3.285821382835858,0.0,False
2026-04-23-context-aware-grand-study,7,liquid_us_equity_100,fixed_current_constituents_symbol_limited,none_controller_internal_selection,controller_defined,EW,10.0,2018-01-01,2020-10-01,2021-01-04,2021-04-05,0.515975395943296,0.515975395943296,0.0,2.854222002509955,0.0,False
2026-04-23-context-aware-grand-study,8,liquid_us_equity_100,fixed_current_constituents_symbol_limited,none_controller_internal_selection,controller_defined,EW,10.0,2018-01-01,2020-12-31,2021-04-06,2021-07-02,0.2611259487665749,0.2611259487665749,0.0,2.3439181716665796,0.0,False
2026-04-23-context-aware-grand-study,9,liquid_us_equity_100,fixed_current_constituents_symbol_limited,none_controller_internal_selection,controller_defined,EW,10.0,2018-01-01,2021-04-05,2021-07-06,2021-10-01,0.0032154957249619,0.0032154957249619,0.0,0.0238629176633358,0.0,False
2026-04-23-context-aware-grand-study,10,liquid_us_equity_100,fixed_current_constituents_symbol_limited,none_controller_internal_selection,controller_defined,EW,10.0,2018-01-01,2021-07-02,2021-10-04,2021-12-31,0.3383610171076769,0.3383610171076769,0.0,2.250474796320379,0.0,False
2026-04-23-context-aware-grand-study,11,liquid_us_equity_100,fixed_current_constituents_symbol_limited,none_controller_internal_selection,controller_defined,EW,10.0,2018-01-01,2021-10-01,2022-01-03,2022-04-01,-0.0909447098827027,-0.0909447098827027,0.0,-0.4173630113189994,0.0,False
2026-04-23-context-aware-grand-study,12,liquid_us_equity_100,fixed_current_constituents_symbol_limited,none_controller_internal_selection,controller_defined,EW,10.0,2018-01-01,2021-12-31,2022-04-04,2022-07-05,-0.6561578936523453,-0.6561578936523453,0.0,-2.245548565704152,0.0,False
2026-04-23-context-aware-grand-study,13,liquid_us_equity_100,fixed_current_constituents_symbol_limited,none_controller_internal_selection,controller_defined,EW,10.0,2018-01-01,2022-04-01,2022-07-06,2022-10-03,-0.1825940306081004,-0.1825940306081004,0.0,-0.7538744138074639,0.0,False
2026-04-23-context-aware-grand-study,14,liquid_us_equity_100,fixed_current_constituents_symbol_limited,none_controller_internal_selection,controller_defined,EW,10.0,2018-01-01,2022-07-05,2022-10-04,2023-01-03,0.4635948936775409,0.4635948936775409,0.0,1.759381572060677,0.0,False
2026-04-23-context-aware-grand-study,15,liquid_us_equity_100,fixed_current_constituents_symbol_limited,none_controller_internal_selection,controller_defined,EW,10.0,2018-01-01,2022-10-03,2023-01-04,2023-04-04,0.2604684099546461,0.2604684099546461,0.0,1.4316459634220438,0.0,False
2026-04-23-context-aware-grand-study,16,liquid_us_equity_100,fixed_current_constituents_symbol_limited,none_controller_internal_selection,controller_defined,EW,10.0,2018-01-01,2023-01-03,2023-04-05,2023-07-06,0.2748886668331187,0.2748886668331187,0.0,2.0013266975376367,0.0,False
2026-04-23-context-aware-grand-study,17,liquid_us_equity_100,fixed_current_constituents_symbol_limited,none_controller_internal_selection,controller_defined,EW,10.0,2018-01-01,2023-04-04,2023-07-07,2023-10-04,-0.0797669865483841,-0.0797669865483841,0.0,-0.66403285954676,0.0,False
2026-04-23-context-aware-grand-study,18,liquid_us_equity_100,fixed_current_constituents_symbol_limited,none_controller_internal_selection,controller_defined,EW,10.0,2018-01-01,2023-07-06,2023-10-05,2024-01-04,0.6608964157553952,0.6608964157553952,0.0,4.92223487643192,0.0,False
2026-04-23-context-aware-grand-study,19,liquid_us_equity_100,fixed_current_constituents_symbol_limited,none_controller_internal_selection,controller_defined,EW,10.0,2018-01-01,2023-10-04,2024-01-05,2024-04-05,0.306087512311914,0.306087512311914,0.0,2.735738958763207,0.0,False
2026-04-23-context-aware-grand-study,20,liquid_us_equity_100,fixed_current_constituents_symbol_limited,none_controller_internal_selection,controller_defined,EW,10.0,2018-01-01,2024-01-04,2024-04-08,2024-07-08,0.165068982984907,0.165068982984907,0.0,1.5419196231804533,0.0,False
2026-04-23-context-aware-grand-study,21,liquid_us_equity_100,fixed_current_constituents_symbol_limited,none_controller_internal_selection,controller_defined,EW,10.0,2018-01-01,2024-04-05,2024-07-09,2024-10-04,0.2890562371253025,0.2890562371253025,0.0,1.7944560467698474,0.0,False
2026-04-23-context-aware-grand-study,0,liquid_us_equity_100,fixed_current_constituents_symbol_limited,none_controller_internal_selection,controller_defined,MRH_tau21_k5,10.0,2018-01-01,2019-01-02,2019-04-04,2019-07-03,-0.3354597066124887,-0.3354597066124887,0.0,-2.0627289003008427,0.0,False
2026-04-23-context-aware-grand-study,1,liquid_us_equity_100,fixed_current_constituents_symbol_limited,none_controller_internal_selection,controller_defined,MRH_tau21_k5,10.0,2018-01-01,2019-04-03,2019-07-05,2019-10-02,-0.3668247041425747,-0.3668247041425747,0.0,-2.215182242791058,0.0,False
2026-04-23-context-aware-grand-study,2,liquid_us_equity_100,fixed_current_constituents_symbol_limited,none_controller_internal_selection,controller_defined,MRH_tau21_k5,10.0,2018-01-01,2019-07-03,2019-10-03,2020-01-02,0.8826966753146652,0.8826966753146652,0.0,7.330555499263396,0.0,False
2026-04-23-context-aware-grand-study,3,liquid_us_equity_100,fixed_current_constituents_symbol_limited,none_controller_internal_selection,controller_defined,MRH_tau21_k5,10.0,2018-01-01,2019-10-02,2020-01-03,2020-04-02,-0.5222302057839303,-0.5222302057839303,0.0,-0.9194619151361706,0.0,False
2026-04-23-context-aware-grand-study,4,liquid_us_equity_100,fixed_current_constituents_symbol_limited,none_controller_internal_selection,controller_defined,MRH_tau21_k5,10.0,2018-01-01,2020-01-02,2020-04-03,2020-07-02,0.8541012061644442,0.8541012061644442,0.0,2.0918398553120023,0.0,False
2026-04-23-context-aware-grand-study,5,liquid_us_equity_100,fixed_current_constituents_symbol_limited,none_controller_internal_selection,controller_defined,MRH_tau21_k5,10.0,2018-01-01,2020-04-02,2020-07-06,2020-10-01,0.2501173329912229,0.2501173329912229,0.0,1.0076994211778392,0.0,False
2026-04-23-context-aware-grand-study,6,liquid_us_equity_100,fixed_current_constituents_symbol_limited,none_controller_internal_selection,controller_defined,MRH_tau21_k5,10.0,2018-01-01,2020-07-02,2020-10-02,2020-12-31,0.606276472587449,0.606276472587449,0.0,2.782583886055466,0.0,False
2026-04-23-context-aware-grand-study,7,liquid_us_equity_100,fixed_current_constituents_symbol_limited,none_controller_internal_selection,controller_defined,MRH_tau21_k5,10.0,2018-01-01,2020-10-01,2021-01-04,2021-04-05,0.3399755414338026,0.3399755414338026,0.0,1.3410645976729094,0.0,False
2026-04-23-context-aware-grand-study,8,liquid_us_equity_100,fixed_current_constituents_symbol_limited,none_controller_internal_selection,controller_defined,MRH_tau21_k5,10.0,2018-01-01,2020-12-31,2021-04-06,2021-07-02,-0.3955979555244884,-0.3955979555244884,0.0,-2.010002721769742,0.0,False
2026-04-23-context-aware-grand-study,9,liquid_us_equity_100,fixed_current_constituents_symbol_limited,none_controller_internal_selection,controller_defined,MRH_tau21_k5,10.0,2018-01-01,2021-04-05,2021-07-06,2021-10-01,-0.4431288658239913,-0.4431288658239913,0.0,-2.7589964182904776,0.0,False
2026-04-23-context-aware-grand-study,10,liquid_us_equity_100,fixed_current_constituents_symbol_limited,none_controller_internal_selection,controller_defined,MRH_tau21_k5,10.0,2018-01-01,2021-07-02,2021-10-04,2021-12-31,0.0813137601828524,0.0813137601828524,0.0,0.2938019719048282,0.0,False
2026-04-23-context-aware-grand-study,11,liquid_us_equity_100,fixed_current_constituents_symbol_limited,none_controller_internal_selection,controller_defined,MRH_tau21_k5,10.0,2018-01-01,2021-10-01,2022-01-03,2022-04-01,0.2237288198755687,0.2237288198755687,0.0,1.4118065440967442,0.0,False
2026-04-23-context-aware-grand-study,12,liquid_us_equity_100,fixed_current_constituents_symbol_limited,none_controller_internal_selection,controller_defined,MRH_tau21_k5,10.0,2018-01-01,2021-12-31,2022-04-04,2022-07-05,-1.1866296880260885,-1.1866296880260885,0.0,-3.85437960356457,0.0,False
2026-04-23-context-aware-grand-study,13,liquid_us_equity_100,fixed_current_constituents_symbol_limited,none_controller_internal_selection,controller_defined,MRH_tau21_k5,10.0,2018-01-01,2022-04-01,2022-07-06,2022-10-03,-0.6699144599079814,-0.6699144599079814,0.0,-2.554161191530405,0.0,False
2026-04-23-context-aware-grand-study,14,liquid_us_equity_100,fixed_current_constituents_symbol_limited,none_controller_internal_selection,controller_defined,MRH_tau21_k5,10.0,2018-01-01,2022-07-05,2022-10-04,2023-01-03,0.5825734809902436,0.5825734809902436,0.0,2.3830158219405546,0.0,False
2026-04-23-context-aware-grand-study,15,liquid_us_equity_100,fixed_current_constituents_symbol_limited,none_controller_internal_selection,controller_defined,MRH_tau21_k5,10.0,2018-01-01,2022-10-03,2023-01-04,2023-04-04,0.1275605988686745,0.1275605988686745,0.0,0.6084818930602687,0.0,False
2026-04-23-context-aware-grand-study,16,liquid_us_equity_100,fixed_current_constituents_symbol_limited,none_controller_internal_selection,controller_defined,MRH_tau21_k5,10.0,2018-01-01,2023-01-03,2023-04-05,2023-07-06,0.0184005799168951,0.0184005799168951,0.0,0.0914611308549036,0.0,False
2026-04-23-context-aware-grand-study,17,liquid_us_equity_100,fixed_current_constituents_symbol_limited,none_controller_internal_selection,controller_defined,MRH_tau21_k5,10.0,2018-01-01,2023-04-04,2023-07-07,2023-10-04,-0.129249131010575,-0.129249131010575,0.0,-0.8425326720524576,0.0,False
2026-04-23-context-aware-grand-study,18,liquid_us_equity_100,fixed_current_constituents_symbol_limited,none_controller_internal_selection,controller_defined,MRH_tau21_k5,10.0,2018-01-01,2023-07-06,2023-10-05,2024-01-04,0.6067472677446655,0.6067472677446655,0.0,3.748952428621621,0.0,False
2026-04-23-context-aware-grand-study,19,liquid_us_equity_100,fixed_current_constituents_symbol_limited,none_controller_internal_selection,controller_defined,MRH_tau21_k5,10.0,2018-01-01,2023-10-04,2024-01-05,2024-04-05,0.8286842290364951,0.8286842290364951,0.0,3.2537715250862207,0.0,False
2026-04-23-context-aware-grand-study,20,liquid_us_equity_100,fixed_current_constituents_symbol_limited,none_controller_internal_selection,controller_defined,MRH_tau21_k5,10.0,2018-01-01,2024-01-04,2024-04-08,2024-07-08,0.2854742523984801,0.2854742523984801,0.0,1.9156662995963107,0.0,False
2026-04-23-context-aware-grand-study,21,liquid_us_equity_100,fixed_current_constituents_symbol_limited,none_controller_internal_selection,controller_defined,MRH_tau21_k5,10.0,2018-01-01,2024-04-05,2024-07-09,2024-10-04,-0.4358474819509261,-0.4358474819509261,0.0,-1.7523955814860075,0.0,False
2026-04-23-context-aware-grand-study,0,liquid_us_equity_100,fixed_current_constituents_symbol_limited,none_controller_internal_selection,controller_defined,MRH_tau63_k5,10.0,2018-01-01,2019-01-02,2019-04-04,2019-07-03,-0.0499177401423232,-0.0499177401423232,0.0,-0.2793141690819315,0.0,False
2026-04-23-context-aware-grand-study,1,liquid_us_equity_100,fixed_current_constituents_symbol_limited,none_controller_internal_selection,controller_defined,MRH_tau63_k5,10.0,2018-01-01,2019-04-03,2019-07-05,2019-10-02,-0.2015305094743484,-0.2015305094743484,0.0,-0.86854668949107,0.0,False
2026-04-23-context-aware-grand-study,2,liquid_us_equity_100,fixed_current_constituents_symbol_limited,none_controller_internal_selection,controller_defined,MRH_tau63_k5,10.0,2018-01-01,2019-07-03,2019-10-03,2020-01-02,0.940239650528028,0.940239650528028,0.0,6.258634768051977,0.0,False
2026-04-23-context-aware-grand-study,3,liquid_us_equity_100,fixed_current_constituents_symbol_limited,none_controller_internal_selection,controller_defined,MRH_tau63_k5,10.0,2018-01-01,2019-10-02,2020-01-03,2020-04-02,-0.2770096494779661,-0.2770096494779661,0.0,-0.4629229167699684,0.0,False
2026-04-23-context-aware-grand-study,4,liquid_us_equity_100,fixed_current_constituents_symbol_limited,none_controller_internal_selection,controller_defined,MRH_tau63_k5,10.0,2018-01-01,2020-01-02,2020-04-03,2020-07-02,0.5527838135142562,0.5527838135142562,0.0,1.6726538975127685,0.0,False
2026-04-23-context-aware-grand-study,5,liquid_us_equity_100,fixed_current_constituents_symbol_limited,none_controller_internal_selection,controller_defined,MRH_tau63_k5,10.0,2018-01-01,2020-04-02,2020-07-06,2020-10-01,0.3663542601347025,0.3663542601347025,0.0,1.3358876282475884,0.0,False
2026-04-23-context-aware-grand-study,6,liquid_us_equity_100,fixed_current_constituents_symbol_limited,none_controller_internal_selection,controller_defined,MRH_tau63_k5,10.0,2018-01-01,2020-07-02,2020-10-02,2020-12-31,0.3408974349575442,0.3408974349575442,0.0,1.513442625001291,0.0,False
2026-04-23-context-aware-grand-study,7,liquid_us_equity_100,fixed_current_constituents_symbol_limited,none_controller_internal_selection,controller_defined,MRH_tau63_k5,10.0,2018-01-01,2020-10-01,2021-01-04,2021-04-05,1.0912599828155178,1.0912599828155178,0.0,3.9615451217717466,0.0,False
2026-04-23-context-aware-grand-study,8,liquid_us_equity_100,fixed_current_constituents_symbol_limited,none_controller_internal_selection,controller_defined,MRH_tau63_k5,10.0,2018-01-01,2020-12-31,2021-04-06,2021-07-02,-0.0079051097920377,-0.0079051097920377,0.0,-0.0432920181513094,0.0,False
2026-04-23-context-aware-grand-study,9,liquid_us_equity_100,fixed_current_constituents_symbol_limited,none_controller_internal_selection,controller_defined,MRH_tau63_k5,10.0,2018-01-01,2021-04-05,2021-07-06,2021-10-01,-0.0723702296311614,-0.0723702296311614,0.0,-0.4221187723754608,0.0,False
2026-04-23-context-aware-grand-study,10,liquid_us_equity_100,fixed_current_constituents_symbol_limited,none_controller_internal_selection,controller_defined,MRH_tau63_k5,10.0,2018-01-01,2021-07-02,2021-10-04,2021-12-31,0.0588458218218299,0.0588458218218299,0.0,0.2337706836506043,0.0,False
2026-04-23-context-aware-grand-study,11,liquid_us_equity_100,fixed_current_constituents_symbol_limited,none_controller_internal_selection,controller_defined,MRH_tau63_k5,10.0,2018-01-01,2021-10-01,2022-01-03,2022-04-01,0.0176297302967864,0.0176297302967864,0.0,0.0680041987053625,0.0,False
2026-04-23-context-aware-grand-study,12,liquid_us_equity_100,fixed_current_constituents_symbol_limited,none_controller_internal_selection,controller_defined,MRH_tau63_k5,10.0,2018-01-01,2021-12-31,2022-04-04,2022-07-05,-0.6010597886428113,-0.6010597886428113,0.0,-2.338345791705927,0.0,False
2026-04-23-context-aware-grand-study,13,liquid_us_equity_100,fixed_current_constituents_symbol_limited,none_controller_internal_selection,controller_defined,MRH_tau63_k5,10.0,2018-01-01,2022-04-01,2022-07-06,2022-10-03,-0.7331296595824361,-0.7331296595824361,0.0,-3.4163292429988625,0.0,False
2026-04-23-context-aware-grand-study,14,liquid_us_equity_100,fixed_current_constituents_symbol_limited,none_controller_internal_selection,controller_defined,MRH_tau63_k5,10.0,2018-01-01,2022-07-05,2022-10-04,2023-01-03,0.2759653682787508,0.2759653682787508,0.0,1.3160425937724287,0.0,False
2026-04-23-context-aware-grand-study,15,liquid_us_equity_100,fixed_current_constituents_symbol_limited,none_controller_internal_selection,controller_defined,MRH_tau63_k5,10.0,2018-01-01,2022-10-03,2023-01-04,2023-04-04,0.2937173318237711,0.2937173318237711,0.0,1.2587947281755434,0.0,False
2026-04-23-context-aware-grand-study,16,liquid_us_equity_100,fixed_current_constituents_symbol_limited,none_controller_internal_selection,controller_defined,MRH_tau63_k5,10.0,2018-01-01,2023-01-03,2023-04-05,2023-07-06,0.398209684738656,0.398209684738656,0.0,1.9433486331558631,0.0,False
2026-04-23-context-aware-grand-study,17,liquid_us_equity_100,fixed_current_constituents_symbol_limited,none_controller_internal_selection,controller_defined,MRH_tau63_k5,10.0,2018-01-01,2023-04-04,2023-07-07,2023-10-04,-0.0246659744424468,-0.0246659744424468,0.0,-0.1191974769451604,0.0,False
2026-04-23-context-aware-grand-study,18,liquid_us_equity_100,fixed_current_constituents_symbol_limited,none_controller_internal_selection,controller_defined,MRH_tau63_k5,10.0,2018-01-01,2023-07-06,2023-10-05,2024-01-04,0.448961061522962,0.448961061522962,0.0,2.7852381614737367,0.0,False
2026-04-23-context-aware-grand-study,19,liquid_us_equity_100,fixed_current_constituents_symbol_limited,none_controller_internal_selection,controller_defined,MRH_tau63_k5,10.0,2018-01-01,2023-10-04,2024-01-05,2024-04-05,0.3351598876209536,0.3351598876209536,0.0,1.585704343357106,0.0,False
2026-04-23-context-aware-grand-study,20,liquid_us_equity_100,fixed_current_constituents_symbol_limited,none_controller_internal_selection,controller_defined,MRH_tau63_k5,10.0,2018-01-01,2024-01-04,2024-04-08,2024-07-08,0.1555593263591568,0.1555593263591568,0.0,0.7789779958343218,0.0,False
2026-04-23-context-aware-grand-study,21,liquid_us_equity_100,fixed_current_constituents_symbol_limited,none_controller_internal_selection,controller_defined,MRH_tau63_k5,10.0,2018-01-01,2024-04-05,2024-07-09,2024-10-04,-0.323126120508566,-0.323126120508566,0.0,-1.472888421819277,0.0,False
2026-04-23-context-aware-grand-study,0,liquid_us_equity_100,fixed_current_constituents_symbol_limited,none_controller_internal_selection,controller_defined,MRH_tau126_k5,10.0,2018-01-01,2019-01-02,2019-04-04,2019-07-03,0.2328721783290812,0.2328721783290812,0.0,1.1630068629854462,0.0,False
2026-04-23-context-aware-grand-study,1,liquid_us_equity_100,fixed_current_constituents_symbol_limited,none_controller_internal_selection,controller_defined,MRH_tau126_k5,10.0,2018-01-01,2019-04-03,2019-07-05,2019-10-02,-0.1517964437206429,-0.1517964437206429,0.0,-0.6447869236472928,0.0,False
2026-04-23-context-aware-grand-study,2,liquid_us_equity_100,fixed_current_constituents_symbol_limited,none_controller_internal_selection,controller_defined,MRH_tau126_k5,10.0,2018-01-01,2019-07-03,2019-10-03,2020-01-02,0.94855880788205,0.94855880788205,0.0,7.00989318362206,0.0,False
2026-04-23-context-aware-grand-study,3,liquid_us_equity_100,fixed_current_constituents_symbol_limited,none_controller_internal_selection,controller_defined,MRH_tau126_k5,10.0,2018-01-01,2019-10-02,2020-01-03,2020-04-02,-0.5515031583569225,-0.5515031583569225,0.0,-0.926403817705562,0.0,False
2026-04-23-context-aware-grand-study,4,liquid_us_equity_100,fixed_current_constituents_symbol_limited,none_controller_internal_selection,controller_defined,MRH_tau126_k5,10.0,2018-01-01,2020-01-02,2020-04-03,2020-07-02,1.1942575595901288,1.1942575595901288,0.0,3.7075906211778697,0.0,False
2026-04-23-context-aware-grand-study,5,liquid_us_equity_100,fixed_current_constituents_symbol_limited,none_controller_internal_selection,controller_defined,MRH_tau126_k5,10.0,2018-01-01,2020-04-02,2020-07-06,2020-10-01,0.5349530947321579,0.5349530947321579,0.0,1.7616838565574349,0.0,False
2026-04-23-context-aware-grand-study,6,liquid_us_equity_100,fixed_current_constituents_symbol_limited,none_controller_internal_selection,controller_defined,MRH_tau126_k5,10.0,2018-01-01,2020-07-02,2020-10-02,2020-12-31,0.3837505848727987,0.3837505848727987,0.0,1.545534249329399,0.0,False
2026-04-23-context-aware-grand-study,7,liquid_us_equity_100,fixed_current_constituents_symbol_limited,none_controller_internal_selection,controller_defined,MRH_tau126_k5,10.0,2018-01-01,2020-10-01,2021-01-04,2021-04-05,0.7671306404545843,0.7671306404545843,0.0,2.903628851233361,0.0,False
2026-04-23-context-aware-grand-study,8,liquid_us_equity_100,fixed_current_constituents_symbol_limited,none_controller_internal_selection,controller_defined,MRH_tau126_k5,10.0,2018-01-01,2020-12-31,2021-04-06,2021-07-02,0.3080587953712546,0.3080587953712546,0.0,1.4708204284541095,0.0,False
2026-04-23-context-aware-grand-study,9,liquid_us_equity_100,fixed_current_constituents_symbol_limited,none_controller_internal_selection,controller_defined,MRH_tau126_k5,10.0,2018-01-01,2021-04-05,2021-07-06,2021-10-01,-0.5265336043986752,-0.5265336043986752,0.0,-2.7827911606476197,0.0,False
2026-04-23-context-aware-grand-study,10,liquid_us_equity_100,fixed_current_constituents_symbol_limited,none_controller_internal_selection,controller_defined,MRH_tau126_k5,10.0,2018-01-01,2021-07-02,2021-10-04,2021-12-31,0.4201086213864062,0.4201086213864062,0.0,1.6576139628220932,0.0,False
2026-04-23-context-aware-grand-study,11,liquid_us_equity_100,fixed_current_constituents_symbol_limited,none_controller_internal_selection,controller_defined,MRH_tau126_k5,10.0,2018-01-01,2021-10-01,2022-01-03,2022-04-01,0.1275974536387427,0.1275974536387427,0.0,0.55376655175278,0.0,False
2026-04-23-context-aware-grand-study,12,liquid_us_equity_100,fixed_current_constituents_symbol_limited,none_controller_internal_selection,controller_defined,MRH_tau126_k5,10.0,2018-01-01,2021-12-31,2022-04-04,2022-07-05,-0.4791474378267542,-0.4791474378267542,0.0,-1.9599161268901275,0.0,False
2026-04-23-context-aware-grand-study,13,liquid_us_equity_100,fixed_current_constituents_symbol_limited,none_controller_internal_selection,controller_defined,MRH_tau126_k5,10.0,2018-01-01,2022-04-01,2022-07-06,2022-10-03,-0.1978206317393076,-0.1978206317393076,0.0,-1.254541061064947,0.0,False
2026-04-23-context-aware-grand-study,14,liquid_us_equity_100,fixed_current_constituents_symbol_limited,none_controller_internal_selection,controller_defined,MRH_tau126_k5,10.0,2018-01-01,2022-07-05,2022-10-04,2023-01-03,0.5296130178913678,0.5296130178913678,0.0,2.813749970149409,0.0,False
2026-04-23-context-aware-grand-study,15,liquid_us_equity_100,fixed_current_constituents_symbol_limited,none_controller_internal_selection,controller_defined,MRH_tau126_k5,10.0,2018-01-01,2022-10-03,2023-01-04,2023-04-04,0.2606084798976824,0.2606084798976824,0.0,1.2940534461132274,0.0,False
2026-04-23-context-aware-grand-study,16,liquid_us_equity_100,fixed_current_constituents_symbol_limited,none_controller_internal_selection,controller_defined,MRH_tau126_k5,10.0,2018-01-01,2023-01-03,2023-04-05,2023-07-06,0.6023164389672151,0.6023164389672151,0.0,2.4291293894703756,0.0,False
2026-04-23-context-aware-grand-study,17,liquid_us_equity_100,fixed_current_constituents_symbol_limited,none_controller_internal_selection,controller_defined,MRH_tau126_k5,10.0,2018-01-01,2023-04-04,2023-07-07,2023-10-04,-0.143950772877087,-0.143950772877087,0.0,-0.5921113909673129,0.0,False
2026-04-23-context-aware-grand-study,18,liquid_us_equity_100,fixed_current_constituents_symbol_limited,none_controller_internal_selection,controller_defined,MRH_tau126_k5,10.0,2018-01-01,2023-07-06,2023-10-05,2024-01-04,0.608339037359471,0.608339037359471,0.0,2.89222524400913,0.0,False
2026-04-23-context-aware-grand-study,19,liquid_us_equity_100,fixed_current_constituents_symbol_limited,none_controller_internal_selection,controller_defined,MRH_tau126_k5,10.0,2018-01-01,2023-10-04,2024-01-05,2024-04-05,0.3493840859575448,0.3493840859575448,0.0,1.7255816841353375,0.0,False
2026-04-23-context-aware-grand-study,20,liquid_us_equity_100,fixed_current_constituents_symbol_limited,none_controller_internal_selection,controller_defined,MRH_tau126_k5,10.0,2018-01-01,2024-01-04,2024-04-08,2024-07-08,0.4245385740883156,0.4245385740883156,0.0,2.204138946995719,0.0,False
2026-04-23-context-aware-grand-study,21,liquid_us_equity_100,fixed_current_constituents_symbol_limited,none_controller_internal_selection,controller_defined,MRH_tau126_k5,10.0,2018-01-01,2024-04-05,2024-07-09,2024-10-04,-0.7026402174542943,-0.7026402174542943,0.0,-2.4380004295559554,0.0,False
2026-04-23-context-aware-grand-study,0,liquid_us_equity_250,fixed_current_constituents_symbol_limited,none_controller_internal_selection,controller_defined,EW,10.0,2018-01-01,2021-12-09,2022-03-14,2022-06-10,-0.1598957002131396,-0.1598957002131396,0.0,-0.6066250398268838,0.0,False
2026-04-23-context-aware-grand-study,1,liquid_us_equity_250,fixed_current_constituents_symbol_limited,none_controller_internal_selection,controller_defined,EW,10.0,2018-01-01,2022-03-11,2022-06-13,2022-09-12,0.2603683459940278,0.2603683459940278,0.0,1.094897782045662,0.0,False
2026-04-23-context-aware-grand-study,2,liquid_us_equity_250,fixed_current_constituents_symbol_limited,none_controller_internal_selection,controller_defined,EW,10.0,2018-01-01,2022-06-10,2022-09-13,2022-12-09,-0.0307282554758732,-0.0307282554758732,0.0,-0.1063356647477401,0.0,False
2026-04-23-context-aware-grand-study,3,liquid_us_equity_250,fixed_current_constituents_symbol_limited,none_controller_internal_selection,controller_defined,EW,10.0,2018-01-01,2022-09-12,2022-12-12,2023-03-14,-0.0595087178610365,-0.0595087178610365,0.0,-0.3028275661906164,0.0,False
2026-04-23-context-aware-grand-study,4,liquid_us_equity_250,fixed_current_constituents_symbol_limited,none_controller_internal_selection,controller_defined,EW,10.0,2018-01-01,2022-12-09,2023-03-15,2023-06-13,0.3461045822965962,0.3461045822965962,0.0,2.302839695848685,0.0,False
2026-04-23-context-aware-grand-study,5,liquid_us_equity_250,fixed_current_constituents_symbol_limited,none_controller_internal_selection,controller_defined,EW,10.0,2018-01-01,2023-03-14,2023-06-14,2023-09-13,0.0833483325607242,0.0833483325607242,0.0,0.8166906696026434,0.0,False
2026-04-23-context-aware-grand-study,6,liquid_us_equity_250,fixed_current_constituents_symbol_limited,none_controller_internal_selection,controller_defined,EW,10.0,2018-01-01,2023-06-13,2023-09-14,2023-12-12,0.1715517755670976,0.1715517755670976,0.0,1.0948000647534033,0.0,False
2026-04-23-context-aware-grand-study,7,liquid_us_equity_250,fixed_current_constituents_symbol_limited,none_controller_internal_selection,controller_defined,EW,10.0,2018-01-01,2023-09-13,2023-12-13,2024-03-14,0.297840212896681,0.297840212896681,0.0,2.4192986864416843,0.0,False
2026-04-23-context-aware-grand-study,8,liquid_us_equity_250,fixed_current_constituents_symbol_limited,none_controller_internal_selection,controller_defined,EW,10.0,2018-01-01,2023-12-12,2024-03-15,2024-06-13,0.0798578953590603,0.0798578953590603,0.0,0.7079560006770821,0.0,False
2026-04-23-context-aware-grand-study,9,liquid_us_equity_250,fixed_current_constituents_symbol_limited,none_controller_internal_selection,controller_defined,EW,10.0,2018-01-01,2024-03-14,2024-06-14,2024-09-13,0.2481037182556318,0.2481037182556318,0.0,1.7161769789541077,0.0,False
2026-04-23-context-aware-grand-study,10,liquid_us_equity_250,fixed_current_constituents_symbol_limited,none_controller_internal_selection,controller_defined,EW,10.0,2018-01-01,2024-06-13,2024-09-16,2024-12-12,0.0999083606662347,0.0999083606662347,0.0,1.0986946720326614,0.0,False
2026-04-23-context-aware-grand-study,0,liquid_us_equity_250,fixed_current_constituents_symbol_limited,none_controller_internal_selection,controller_defined,MRH_tau21_k5,10.0,2018-01-01,2021-12-09,2022-03-14,2022-06-10,0.1498419980271652,0.1498419980271652,0.0,0.5470570552250231,0.0,False
2026-04-23-context-aware-grand-study,1,liquid_us_equity_250,fixed_current_constituents_symbol_limited,none_controller_internal_selection,controller_defined,MRH_tau21_k5,10.0,2018-01-01,2022-03-11,2022-06-13,2022-09-12,0.2547406086750143,0.2547406086750143,0.0,0.8479914601326253,0.0,False
2026-04-23-context-aware-grand-study,2,liquid_us_equity_250,fixed_current_constituents_symbol_limited,none_controller_internal_selection,controller_defined,MRH_tau21_k5,10.0,2018-01-01,2022-06-10,2022-09-13,2022-12-09,-0.3587223476635319,-0.3587223476635319,0.0,-1.1362421266664615,0.0,False
2026-04-23-context-aware-grand-study,3,liquid_us_equity_250,fixed_current_constituents_symbol_limited,none_controller_internal_selection,controller_defined,MRH_tau21_k5,10.0,2018-01-01,2022-09-12,2022-12-12,2023-03-14,-0.1716260075701674,-0.1716260075701674,0.0,-0.5955388106248662,0.0,False
2026-04-23-context-aware-grand-study,4,liquid_us_equity_250,fixed_current_constituents_symbol_limited,none_controller_internal_selection,controller_defined,MRH_tau21_k5,10.0,2018-01-01,2022-12-09,2023-03-15,2023-06-13,0.1219728651527587,0.1219728651527587,0.0,0.6117793459330675,0.0,False
2026-04-23-context-aware-grand-study,5,liquid_us_equity_250,fixed_current_constituents_symbol_limited,none_controller_internal_selection,controller_defined,MRH_tau21_k5,10.0,2018-01-01,2023-03-14,2023-06-14,2023-09-13,0.0058286419865303,0.0058286419865303,0.0,0.0333746243156571,0.0,False
2026-04-23-context-aware-grand-study,6,liquid_us_equity_250,fixed_current_constituents_symbol_limited,none_controller_internal_selection,controller_defined,MRH_tau21_k5,10.0,2018-01-01,2023-06-13,2023-09-14,2023-12-12,0.388850995552318,0.388850995552318,0.0,2.094472790739031,0.0,False
2026-04-23-context-aware-grand-study,7,liquid_us_equity_250,fixed_current_constituents_symbol_limited,none_controller_internal_selection,controller_defined,MRH_tau21_k5,10.0,2018-01-01,2023-09-13,2023-12-13,2024-03-14,0.8451005456072327,0.8451005456072327,0.0,3.562169574548902,0.0,False
2026-04-23-context-aware-grand-study,8,liquid_us_equity_250,fixed_current_constituents_symbol_limited,none_controller_internal_selection,controller_defined,MRH_tau21_k5,10.0,2018-01-01,2023-12-12,2024-03-15,2024-06-13,0.3762177064209608,0.3762177064209608,0.0,2.330303132223537,0.0,False
2026-04-23-context-aware-grand-study,9,liquid_us_equity_250,fixed_current_constituents_symbol_limited,none_controller_internal_selection,controller_defined,MRH_tau21_k5,10.0,2018-01-01,2024-03-14,2024-06-14,2024-09-13,0.1872885369209895,0.1872885369209895,0.0,1.392273175103306,0.0,False
2026-04-23-context-aware-grand-study,10,liquid_us_equity_250,fixed_current_constituents_symbol_limited,none_controller_internal_selection,controller_defined,MRH_tau21_k5,10.0,2018-01-01,2024-06-13,2024-09-16,2024-12-12,0.2039548474791224,0.2039548474791224,0.0,1.245861148440925,0.0,False
2026-04-23-context-aware-grand-study,0,liquid_us_equity_250,fixed_current_constituents_symbol_limited,none_controller_internal_selection,controller_defined,MRH_tau63_k5,10.0,2018-01-01,2021-12-09,2022-03-14,2022-06-10,0.087687958774429,0.087687958774429,0.0,0.3639310440480213,0.0,False
2026-04-23-context-aware-grand-study,1,liquid_us_equity_250,fixed_current_constituents_symbol_limited,none_controller_internal_selection,controller_defined,MRH_tau63_k5,10.0,2018-01-01,2022-03-11,2022-06-13,2022-09-12,-0.0131672908498798,-0.0131672908498798,0.0,-0.0550088591631375,0.0,False
2026-04-23-context-aware-grand-study,2,liquid_us_equity_250,fixed_current_constituents_symbol_limited,none_controller_internal_selection,controller_defined,MRH_tau63_k5,10.0,2018-01-01,2022-06-10,2022-09-13,2022-12-09,-0.2896310301501281,-0.2896310301501281,0.0,-0.8125105608663084,0.0,False
2026-04-23-context-aware-grand-study,3,liquid_us_equity_250,fixed_current_constituents_symbol_limited,none_controller_internal_selection,controller_defined,MRH_tau63_k5,10.0,2018-01-01,2022-09-12,2022-12-12,2023-03-14,-0.1060117006500815,-0.1060117006500815,0.0,-0.4423035988929436,0.0,False
2026-04-23-context-aware-grand-study,4,liquid_us_equity_250,fixed_current_constituents_symbol_limited,none_controller_internal_selection,controller_defined,MRH_tau63_k5,10.0,2018-01-01,2022-12-09,2023-03-15,2023-06-13,0.2941465401913619,0.2941465401913619,0.0,1.2062925077089717,0.0,False
2026-04-23-context-aware-grand-study,5,liquid_us_equity_250,fixed_current_constituents_symbol_limited,none_controller_internal_selection,controller_defined,MRH_tau63_k5,10.0,2018-01-01,2023-03-14,2023-06-14,2023-09-13,-0.1395262746966894,-0.1395262746966894,0.0,-0.6988109369638208,0.0,False
2026-04-23-context-aware-grand-study,6,liquid_us_equity_250,fixed_current_constituents_symbol_limited,none_controller_internal_selection,controller_defined,MRH_tau63_k5,10.0,2018-01-01,2023-06-13,2023-09-14,2023-12-12,0.1211354680496219,0.1211354680496219,0.0,0.8033290169816076,0.0,False
2026-04-23-context-aware-grand-study,7,liquid_us_equity_250,fixed_current_constituents_symbol_limited,none_controller_internal_selection,controller_defined,MRH_tau63_k5,10.0,2018-01-01,2023-09-13,2023-12-13,2024-03-14,0.3451457983710639,0.3451457983710639,0.0,1.9470651750539425,0.0,False
2026-04-23-context-aware-grand-study,8,liquid_us_equity_250,fixed_current_constituents_symbol_limited,none_controller_internal_selection,controller_defined,MRH_tau63_k5,10.0,2018-01-01,2023-12-12,2024-03-15,2024-06-13,0.1019622896463787,0.1019622896463787,0.0,0.6509288451819516,0.0,False
2026-04-23-context-aware-grand-study,9,liquid_us_equity_250,fixed_current_constituents_symbol_limited,none_controller_internal_selection,controller_defined,MRH_tau63_k5,10.0,2018-01-01,2024-03-14,2024-06-14,2024-09-13,-0.0427767486438948,-0.0427767486438948,0.0,-0.2446462490920603,0.0,False
2026-04-23-context-aware-grand-study,10,liquid_us_equity_250,fixed_current_constituents_symbol_limited,none_controller_internal_selection,controller_defined,MRH_tau63_k5,10.0,2018-01-01,2024-06-13,2024-09-16,2024-12-12,0.2512817087811529,0.2512817087811529,0.0,1.7197908444588523,0.0,False
2026-04-23-context-aware-grand-study,0,liquid_us_equity_250,fixed_current_constituents_symbol_limited,none_controller_internal_selection,controller_defined,MRH_tau126_k5,10.0,2018-01-01,2021-12-09,2022-03-14,2022-06-10,0.1572183046814141,0.1572183046814141,0.0,0.7294860863789341,0.0,False
2026-04-23-context-aware-grand-study,1,liquid_us_equity_250,fixed_current_constituents_symbol_limited,none_controller_internal_selection,controller_defined,MRH_tau126_k5,10.0,2018-01-01,2022-03-11,2022-06-13,2022-09-12,-0.004018473569594,-0.004018473569594,0.0,-0.0184047643717222,0.0,False
2026-04-23-context-aware-grand-study,2,liquid_us_equity_250,fixed_current_constituents_symbol_limited,none_controller_internal_selection,controller_defined,MRH_tau126_k5,10.0,2018-01-01,2022-06-10,2022-09-13,2022-12-09,-0.1752414613809976,-0.1752414613809976,0.0,-0.5544762017380324,0.0,False
2026-04-23-context-aware-grand-study,3,liquid_us_equity_250,fixed_current_constituents_symbol_limited,none_controller_internal_selection,controller_defined,MRH_tau126_k5,10.0,2018-01-01,2022-09-12,2022-12-12,2023-03-14,-0.5547816915078081,-0.5547816915078081,0.0,-2.2813343603709204,0.0,False
2026-04-23-context-aware-grand-study,4,liquid_us_equity_250,fixed_current_constituents_symbol_limited,none_controller_internal_selection,controller_defined,MRH_tau126_k5,10.0,2018-01-01,2022-12-09,2023-03-15,2023-06-13,0.4328838329331921,0.4328838329331921,0.0,1.729674866960666,0.0,False
2026-04-23-context-aware-grand-study,5,liquid_us_equity_250,fixed_current_constituents_symbol_limited,none_controller_internal_selection,controller_defined,MRH_tau126_k5,10.0,2018-01-01,2023-03-14,2023-06-14,2023-09-13,0.1616472480932218,0.1616472480932218,0.0,0.732842678168295,0.0,False
2026-04-23-context-aware-grand-study,6,liquid_us_equity_250,fixed_current_constituents_symbol_limited,none_controller_internal_selection,controller_defined,MRH_tau126_k5,10.0,2018-01-01,2023-06-13,2023-09-14,2023-12-12,0.2562613846224604,0.2562613846224604,0.0,1.244166637832144,0.0,False
2026-04-23-context-aware-grand-study,7,liquid_us_equity_250,fixed_current_constituents_symbol_limited,none_controller_internal_selection,controller_defined,MRH_tau126_k5,10.0,2018-01-01,2023-09-13,2023-12-13,2024-03-14,0.3655175885304187,0.3655175885304187,0.0,2.3103135968797592,0.0,False
2026-04-23-context-aware-grand-study,8,liquid_us_equity_250,fixed_current_constituents_symbol_limited,none_controller_internal_selection,controller_defined,MRH_tau126_k5,10.0,2018-01-01,2023-12-12,2024-03-15,2024-06-13,0.1270251185674897,0.1270251185674897,0.0,0.6841110766169363,0.0,False
2026-04-23-context-aware-grand-study,9,liquid_us_equity_250,fixed_current_constituents_symbol_limited,none_controller_internal_selection,controller_defined,MRH_tau126_k5,10.0,2018-01-01,2024-03-14,2024-06-14,2024-09-13,0.1671024770404936,0.1671024770404936,0.0,0.636728596571354,0.0,False
2026-04-23-context-aware-grand-study,10,liquid_us_equity_250,fixed_current_constituents_symbol_limited,none_controller_internal_selection,controller_defined,MRH_tau126_k5,10.0,2018-01-01,2024-06-13,2024-09-16,2024-12-12,-0.3798412019717756,-0.3798412019717756,0.0,-3.056592581973427,0.0,False
2026-04-23-context-aware-grand-study,0,liquid_us_equity_500,fixed_current_constituents_symbol_limited,none_controller_internal_selection,controller_defined,EW,10.0,2018-01-01,2022-04-12,2022-07-15,2022-10-12,-0.0883739786559791,-0.0883739786559791,0.0,-0.3564456482285162,0.0,False
2026-04-23-context-aware-grand-study,1,liquid_us_equity_500,fixed_current_constituents_symbol_limited,none_controller_internal_selection,controller_defined,EW,10.0,2018-01-01,2022-07-14,2022-10-13,2023-01-12,0.5909226459423591,0.5909226459423591,0.0,2.374948407385908,0.0,False
2026-04-23-context-aware-grand-study,2,liquid_us_equity_500,fixed_current_constituents_symbol_limited,none_controller_internal_selection,controller_defined,EW,10.0,2018-01-01,2022-10-12,2023-01-13,2023-04-14,0.0700545610419536,0.0700545610419536,0.0,0.3927629857901675,0.0,False
2026-04-23-context-aware-grand-study,3,liquid_us_equity_500,fixed_current_constituents_symbol_limited,none_controller_internal_selection,controller_defined,EW,10.0,2018-01-01,2023-01-12,2023-04-17,2023-07-17,0.2946559697706843,0.2946559697706843,0.0,2.2548088385766483,0.0,False
2026-04-23-context-aware-grand-study,4,liquid_us_equity_500,fixed_current_constituents_symbol_limited,none_controller_internal_selection,controller_defined,EW,10.0,2018-01-01,2023-04-14,2023-07-18,2023-10-13,-0.119314002240582,-0.119314002240582,0.0,-1.0781109660739772,0.0,False
2026-04-23-context-aware-grand-study,5,liquid_us_equity_500,fixed_current_constituents_symbol_limited,none_controller_internal_selection,controller_defined,EW,10.0,2018-01-01,2023-07-17,2023-10-16,2024-01-16,0.3824314665969219,0.3824314665969219,0.0,2.709544838891864,0.0,False
2026-04-23-context-aware-grand-study,6,liquid_us_equity_500,fixed_current_constituents_symbol_limited,none_controller_internal_selection,controller_defined,EW,10.0,2018-01-01,2023-10-13,2024-01-17,2024-04-16,0.1642485330989798,0.1642485330989798,0.0,1.3440456364191948,0.0,False
2026-04-23-context-aware-grand-study,7,liquid_us_equity_500,fixed_current_constituents_symbol_limited,none_controller_internal_selection,controller_defined,EW,10.0,2018-01-01,2024-01-16,2024-04-17,2024-07-17,0.3780384755762207,0.3780384755762207,0.0,4.055753535716929,0.0,False
2026-04-23-context-aware-grand-study,8,liquid_us_equity_500,fixed_current_constituents_symbol_limited,none_controller_internal_selection,controller_defined,EW,10.0,2018-01-01,2024-04-16,2024-07-18,2024-10-15,0.2838194023599154,0.2838194023599154,0.0,2.004580477544695,0.0,False
2026-04-23-context-aware-grand-study,0,liquid_us_equity_500,fixed_current_constituents_symbol_limited,none_controller_internal_selection,controller_defined,MRH_tau21_k5,10.0,2018-01-01,2022-04-12,2022-07-15,2022-10-12,-0.3105972721391614,-0.3105972721391614,0.0,-0.9742565489062294,0.0,False
2026-04-23-context-aware-grand-study,1,liquid_us_equity_500,fixed_current_constituents_symbol_limited,none_controller_internal_selection,controller_defined,MRH_tau21_k5,10.0,2018-01-01,2022-07-14,2022-10-13,2023-01-12,0.5181248708778554,0.5181248708778554,0.0,2.0728965477425385,0.0,False
2026-04-23-context-aware-grand-study,2,liquid_us_equity_500,fixed_current_constituents_symbol_limited,none_controller_internal_selection,controller_defined,MRH_tau21_k5,10.0,2018-01-01,2022-10-12,2023-01-13,2023-04-14,0.7335570434002094,0.7335570434002094,0.0,2.4733903726058855,0.0,False
2026-04-23-context-aware-grand-study,3,liquid_us_equity_500,fixed_current_constituents_symbol_limited,none_controller_internal_selection,controller_defined,MRH_tau21_k5,10.0,2018-01-01,2023-01-12,2023-04-17,2023-07-17,0.5067819590564877,0.5067819590564877,0.0,2.184091078439596,0.0,False
2026-04-23-context-aware-grand-study,4,liquid_us_equity_500,fixed_current_constituents_symbol_limited,none_controller_internal_selection,controller_defined,MRH_tau21_k5,10.0,2018-01-01,2023-04-14,2023-07-18,2023-10-13,0.2716172599108981,0.2716172599108981,0.0,1.3668539868069618,0.0,False
2026-04-23-context-aware-grand-study,5,liquid_us_equity_500,fixed_current_constituents_symbol_limited,none_controller_internal_selection,controller_defined,MRH_tau21_k5,10.0,2018-01-01,2023-07-17,2023-10-16,2024-01-16,0.6027809730790046,0.6027809730790046,0.0,2.618059608888149,0.0,False
2026-04-23-context-aware-grand-study,6,liquid_us_equity_500,fixed_current_constituents_symbol_limited,none_controller_internal_selection,controller_defined,MRH_tau21_k5,10.0,2018-01-01,2023-10-13,2024-01-17,2024-04-16,0.2857778541937876,0.2857778541937876,0.0,1.3345607757457467,0.0,False
2026-04-23-context-aware-grand-study,7,liquid_us_equity_500,fixed_current_constituents_symbol_limited,none_controller_internal_selection,controller_defined,MRH_tau21_k5,10.0,2018-01-01,2024-01-16,2024-04-17,2024-07-17,0.263170337933754,0.263170337933754,0.0,1.34950902865811,0.0,False
2026-04-23-context-aware-grand-study,8,liquid_us_equity_500,fixed_current_constituents_symbol_limited,none_controller_internal_selection,controller_defined,MRH_tau21_k5,10.0,2018-01-01,2024-04-16,2024-07-18,2024-10-15,0.4581453173880092,0.4581453173880092,0.0,2.2834277234333107,0.0,False
2026-04-23-context-aware-grand-study,0,liquid_us_equity_500,fixed_current_constituents_symbol_limited,none_controller_internal_selection,controller_defined,MRH_tau63_k5,10.0,2018-01-01,2022-04-12,2022-07-15,2022-10-12,-0.4081093097528305,-0.4081093097528305,0.0,-1.483702937246227,0.0,False
2026-04-23-context-aware-grand-study,1,liquid_us_equity_500,fixed_current_constituents_symbol_limited,none_controller_internal_selection,controller_defined,MRH_tau63_k5,10.0,2018-01-01,2022-07-14,2022-10-13,2023-01-12,0.8042371582797339,0.8042371582797339,0.0,3.242547883461329,0.0,False
2026-04-23-context-aware-grand-study,2,liquid_us_equity_500,fixed_current_constituents_symbol_limited,none_controller_internal_selection,controller_defined,MRH_tau63_k5,10.0,2018-01-01,2022-10-12,2023-01-13,2023-04-14,0.3513448956301226,0.3513448956301226,0.0,1.409330716670597,0.0,False
2026-04-23-context-aware-grand-study,3,liquid_us_equity_500,fixed_current_constituents_symbol_limited,none_controller_internal_selection,controller_defined,MRH_tau63_k5,10.0,2018-01-01,2023-01-12,2023-04-17,2023-07-17,0.4325078942318869,0.4325078942318869,0.0,1.7608568165535654,0.0,False
2026-04-23-context-aware-grand-study,4,liquid_us_equity_500,fixed_current_constituents_symbol_limited,none_controller_internal_selection,controller_defined,MRH_tau63_k5,10.0,2018-01-01,2023-04-14,2023-07-18,2023-10-13,0.0505913337770476,0.0505913337770476,0.0,0.2039077141785307,0.0,False
2026-04-23-context-aware-grand-study,5,liquid_us_equity_500,fixed_current_constituents_symbol_limited,none_controller_internal_selection,controller_defined,MRH_tau63_k5,10.0,2018-01-01,2023-07-17,2023-10-16,2024-01-16,0.1127623764612053,0.1127623764612053,0.0,0.5211054927032333,0.0,False
2026-04-23-context-aware-grand-study,6,liquid_us_equity_500,fixed_current_constituents_symbol_limited,none_controller_internal_selection,controller_defined,MRH_tau63_k5,10.0,2018-01-01,2023-10-13,2024-01-17,2024-04-16,0.2157196473607907,0.2157196473607907,0.0,0.8441461437280338,0.0,False
2026-04-23-context-aware-grand-study,7,liquid_us_equity_500,fixed_current_constituents_symbol_limited,none_controller_internal_selection,controller_defined,MRH_tau63_k5,10.0,2018-01-01,2024-01-16,2024-04-17,2024-07-17,0.0665556706157337,0.0665556706157337,0.0,0.3000734042071312,0.0,False
2026-04-23-context-aware-grand-study,8,liquid_us_equity_500,fixed_current_constituents_symbol_limited,none_controller_internal_selection,controller_defined,MRH_tau63_k5,10.0,2018-01-01,2024-04-16,2024-07-18,2024-10-15,0.129875839685285,0.129875839685285,0.0,0.6702998521553661,0.0,False
2026-04-23-context-aware-grand-study,0,liquid_us_equity_500,fixed_current_constituents_symbol_limited,none_controller_internal_selection,controller_defined,MRH_tau126_k5,10.0,2018-01-01,2022-04-12,2022-07-15,2022-10-12,-0.097932264241948,-0.097932264241948,0.0,-0.3776301732164984,0.0,False
2026-04-23-context-aware-grand-study,1,liquid_us_equity_500,fixed_current_constituents_symbol_limited,none_controller_internal_selection,controller_defined,MRH_tau126_k5,10.0,2018-01-01,2022-07-14,2022-10-13,2023-01-12,0.6227370515673023,0.6227370515673023,0.0,2.3653119120341826,0.0,False
2026-04-23-context-aware-grand-study,2,liquid_us_equity_500,fixed_current_constituents_symbol_limited,none_controller_internal_selection,controller_defined,MRH_tau126_k5,10.0,2018-01-01,2022-10-12,2023-01-13,2023-04-14,-0.3339032822529857,-0.3339032822529857,0.0,-1.322439734749295,0.0,False
2026-04-23-context-aware-grand-study,3,liquid_us_equity_500,fixed_current_constituents_symbol_limited,none_controller_internal_selection,controller_defined,MRH_tau126_k5,10.0,2018-01-01,2023-01-12,2023-04-17,2023-07-17,0.4656739929287985,0.4656739929287985,0.0,1.8411784157017732,0.0,False
2026-04-23-context-aware-grand-study,4,liquid_us_equity_500,fixed_current_constituents_symbol_limited,none_controller_internal_selection,controller_defined,MRH_tau126_k5,10.0,2018-01-01,2023-04-14,2023-07-18,2023-10-13,0.1611723241320546,0.1611723241320546,0.0,0.5971080818933419,0.0,False
2026-04-23-context-aware-grand-study,5,liquid_us_equity_500,fixed_current_constituents_symbol_limited,none_controller_internal_selection,controller_defined,MRH_tau126_k5,10.0,2018-01-01,2023-07-17,2023-10-16,2024-01-16,0.317222215617249,0.317222215617249,0.0,1.3771968837708026,0.0,False
2026-04-23-context-aware-grand-study,6,liquid_us_equity_500,fixed_current_constituents_symbol_limited,none_controller_internal_selection,controller_defined,MRH_tau126_k5,10.0,2018-01-01,2023-10-13,2024-01-17,2024-04-16,0.5946196667271431,0.5946196667271431,0.0,2.1829047767342944,0.0,False
2026-04-23-context-aware-grand-study,7,liquid_us_equity_500,fixed_current_constituents_symbol_limited,none_controller_internal_selection,controller_defined,MRH_tau126_k5,10.0,2018-01-01,2024-01-16,2024-04-17,2024-07-17,0.1915609954893047,0.1915609954893047,0.0,0.7918413917187758,0.0,False
2026-04-23-context-aware-grand-study,8,liquid_us_equity_500,fixed_current_constituents_symbol_limited,none_controller_internal_selection,controller_defined,MRH_tau126_k5,10.0,2018-01-01,2024-04-16,2024-07-18,2024-10-15,0.5043604193826128,0.5043604193826128,0.0,1.9110325744819776,0.0,False
